PassengerRank,AirportCode,AirportName,City,State,AverageFare,InflationAdjustedAverageFare,Passengers,
1,LAX,Los Angeles International,Los Angeles,CA,347.63,347.63,952310.00,
2,ORD,Chicago O'Hare International,Chicago,IL,308.14,308.14,769786.00,
3,ATL,Hartsfield-Jackson Atlanta International,Atlanta,GA,344.71,344.71,653480.00,
4,SFO,San Francisco International,San Francisco,CA,381.49,381.49,631567.00,
5,DEN,Denver International,Denver,CO,307.03,307.03,628833.00,
6,BOS,Logan International,Boston,MA,338.87,338.87,599053.00,
7,SEA,Seattle/Tacoma International,Seattle,WA,319.90,319.90,575285.00,
8,DFW,Dallas/Fort Worth International,Dallas,TX,345.68,345.68,548777.00,
10,JFK,John F. Kennedy International,New York,NY,394.96,394.96,509684.00,
11,EWR,Newark Liberty International,Newark,NJ,427.90,427.90,498857.00,
12,PHX,Phoenix Sky Harbor International,Phoenix,AZ,320.37,320.37,459538.00,
13,LAS,McCarran International,Las Vegas,NV,223.49,223.49,453243.00,
14,MCO,Orlando International,Orlando,FL,250.38,250.38,442530.00,
15,PHL,Philadelphia International,Philadelphia,PA,362.20,362.20,426271.00,
16,MSP,Minneapolis-St Paul International,Minneapolis,MN,374.22,374.22,418856.00,
17,DCA,Ronald Reagan Washington National,Washington,DC,334.38,334.38,383003.00,
18,DTW,Detroit Metro Wayne County,Detroit,MI,369.24,369.24,370051.00,
19,BWI,Baltimore/Washington International Thurgood Marshall,Baltimore,MD,315.34,315.34,366590.00,
20,FLL,Fort Lauderdale-Hollywood International,Fort Lauderdale,FL,240.85,240.85,351249.00,
21,SAN,San Diego International,San Diego,CA,350.25,350.25,348316.00,
22,PDX,Portland International,Portland,OR,313.25,313.25,315845.00,
23,IAH,George Bush Intercontinental/Houston,Houston,TX,427.56,427.56,311871.00,
24,TPA,Tampa International,Tampa,FL,321.03,321.03,290753.00,
25,MDW,Chicago Midway International,Chicago,IL,269.47,269.47,285279.00,
26,MIA,Miami International,Miami,FL,304.20,304.20,239451.00,
27,OAK,Metropolitan Oakland International,Oakland,CA,303.99,303.99,239415.00,
28,SLC,Salt Lake City International,Salt Lake City,UT,358.79,358.79,237576.00,
29,CLT,Charlotte Douglas International,Charlotte,NC,410.66,410.66,237230.00,
30,AUS,Austin - Bergstrom International,Austin,TX,364.29,364.29,230786.00,
32,STL,Lambert-St. Louis International,St. Louis,MO,364.68,364.68,219767.00,
33,MCI,Kansas City International,Kansas City,MO,345.35,345.35,211122.00,
34,SJC,Norman Y. Mineta San Jose International,San Jose,CA,323.98,323.98,209325.00,
35,RDU,Raleigh-Durham International,Raleigh/Durham,NC,345.87,345.87,208329.00,
36,SMF,Sacramento International,Sacramento,CA,361.45,361.45,208042.00,
37,BNA,Nashville International,Nashville,TN,345.74,345.74,197102.00,
38,SNA,John Wayne Airport-Orange County,Santa Ana,CA,356.10,356.10,189417.00,
39,HNL,Honolulu International,Honolulu,HI,387.29,387.29,183212.00,
40,IAD,Washington Dulles International,Washington-Dulles,DC,446.18,446.18,177497.00,
41,IND,Indianapolis International,Indianapolis,IN,347.33,347.33,176695.00,
42,HOU,William P Hobby,Houston-Hobby,TX,344.71,344.71,173736.00,
43,CLE,Cleveland-Hopkins International,Cleveland,OH,328.31,328.31,173422.00,
44,PIT,Pittsburgh International,Pittsburgh,PA,360.50,360.50,163560.00,
45,MSY,Louis Armstrong New Orleans International,New Orleans,LA,311.49,311.49,161761.00,
46,CMH,Port Columbus International,Columbus,OH,361.78,361.78,149692.00,
47,MKE,General Mitchell International,Milwaukee,WI,326.53,326.53,149520.00,
48,SAT,San Antonio International,San Antonio,TX,379.06,379.06,144511.00,
49,BDL,Bradley International,Hartford,CT,384.06,384.06,139686.00,
50,SJU,Luis Munoz Marin International,San Juan,PR,280.68,280.68,124493.00,
51,CVG,Cincinnati/Northern Kentucky International,Cincinnati,OH,363.45,363.45,124461.00,
52,RSW,Southwest Florida International,Fort Myers,FL,327.17,327.17,114291.00,
53,PBI,Palm Beach International,West Palm Beach/Palm Beach,FL,326.81,326.81,105391.00,
54,BUF,Buffalo Niagara International,Buffalo,NY,317.85,317.85,102226.00,
55,JAX,Jacksonville International,Jacksonville,FL,372.47,372.47,100004.00,
56,BUR,Bob Hope,Burbank,CA,282.58,282.58,92534.00,
57,ONT,Ontario International,Ontario,CA,345.17,345.17,91424.00,
58,OMA,Eppley Airfield,Omaha,NE,369.80,369.80,90340.00,
59,ABQ,Albuquerque International Sunport,Albuquerque,NM,379.94,379.94,84839.00,
60,PVD,Theodore Francis Green State,Providence,RI,350.85,350.85,81468.00,
61,MEM,Memphis International,Memphis,TN,388.33,388.33,78669.00,
62,RIC,Richmond International,Richmond,VA,409.55,409.55,75399.00,
63,ANC,Ted Stevens Anchorage International,Anchorage,AK,401.13,401.13,71887.00,
64,OKC,Will Rogers World,Oklahoma City,OK,410.81,410.81,71258.00,
65,SFB,Orlando Sanford International,Sanford,FL,86.30,86.30,67684.00,
66,ORF,Norfolk International,Norfolk,VA,429.29,429.29,64883.00,
67,BOI,Boise Air Terminal,Boise,ID,350.98,350.98,64541.00,
68,SDF,Louisville International-Standiford Field,Louisville,KY,424.03,424.03,62992.00,
69,GEG,Spokane International,Spokane,WA,354.72,354.72,61963.00,
70,ALB,Albany International,Albany,NY,405.06,405.06,61613.00,
71,RNO,Reno/Tahoe International,Reno,NV,355.95,355.95,60230.00,
72,CHS,Charleston AFB/International,Charleston,SC,359.26,359.26,60039.00,
73,GRR,Gerald R. Ford International,Grand Rapids,MI,401.30,401.30,59713.00,
74,TUS,Tucson International,Tucson,AZ,384.06,384.06,58506.00,
75,ELP,El Paso International,El Paso,TX,394.36,394.36,55890.00,
76,DSM,Des Moines International,Des Moines,IA,366.93,366.93,54960.00,
77,LGB,Long Beach Airport,Long Beach,CA,221.63,221.63,54615.00,
78,TUL,Tulsa International,Tulsa,OK,407.05,407.05,54530.00,
79,ROC,Greater Rochester International,Rochester,NY,360.91,360.91,53621.00,
80,BHM,Birmingham-Shuttlesworth International,Birmingham,AL,451.79,451.79,52675.00,
81,PIE,St Pete Clearwater International,St. Petersburg,FL,87.47,87.47,52443.00,
82,OGG,Kahului Airport,Kahului,HI,321.71,321.71,50434.00,
83,MHT,Manchester-Boston Regional,Manchester,NH,373.55,373.55,46575.00,
84,DAY,James M Cox/Dayton International,Dayton,OH,406.23,406.23,43811.00,
85,AZA,Phoenix - Mesa Gateway,Phoenix,AZ,86.20,86.20,42732.00,
86,SYR,Syracuse Hancock International,Syracuse,NY,399.78,399.78,42644.00,
87,LIT,Bill and Hillary Clinton Nat Adams Field,Little Rock,AR,436.46,436.46,38566.00,
88,MSN,Dane County Regional-Truax Field,Madison,WI,464.49,464.49,38400.00,
89,GSP,Greenville-Spartanburg International,Greer,SC,406.63,406.63,38318.00,
90,HPN,Westchester County,White Plains,NY,361.65,361.65,36470.00,
91,PWM,Portland International Jetport,Portland,ME,405.50,405.50,34918.00,
92,TYS,McGhee Tyson,Knoxville,TN,425.91,425.91,33618.00,
93,ICT,Wichita Dwight D Eisenhower National,Wichita,KS,374.06,374.06,33242.00,
94,PGD,Punta Gorda Airport,Punta Gorda,FL,85.91,85.91,32481.00,
95,SAV,Savannah/Hilton Head International,Savannah,GA,376.82,376.82,32407.00,
96,GSO,Piedmont Triad International,Greensboro,NC,427.54,427.54,32202.00,
97,CAK,Akron-Canton Regional,Akron,OH,319.23,319.23,31927.00,
98,ISP,Long Island MacArthur,Islip,NY,309.33,309.33,28482.00,
99,KOA,Kona International Airport at Keahole,Kona,HI,323.94,323.94,28147.00,
100,FAT,Fresno Yosemite International,Fresno,CA,423.40,423.40,27792.00,
101,PNS,Pensacola International,Pensacola,FL,444.01,444.01,27731.00,
102,MYR,Myrtle Beach International,Myrtle Beach,SC,200.90,200.90,27104.00,
103,LIH,Lihue Airport,Lihue,HI,296.48,296.48,26863.00,
104,LEX,Blue Grass,Lexington,KY,394.94,394.94,26245.00,
105,XNA,Northwest Arkansas Regional,Fayetteville,AR,474.68,474.68,25140.00,
106,COS,City of Colorado Springs Municipal,Colorado Springs,CO,410.38,410.38,25015.00,
107,MDT,Harrisburg International,Harrisburg,PA,443.59,443.59,24900.00,
108,BTV,Burlington International,Burlington,VT,407.93,407.93,24294.00,
109,CID,The Eastern Iowa,Cedar Rapids/Iowa City,IA,360.45,360.45,24245.00,
110,CAE,Columbia Metropolitan,Columbia,SC,421.09,421.09,23471.00,
111,FSD,Joe Foss Field,Sioux Falls,SD,373.86,373.86,23427.00,
112,ACY,Atlantic City International,Atlantic City,NJ,129.06,129.06,23222.00,
113,BLI,Bellingham International,Bellingham,WA,176.08,176.08,22049.00,
114,PSP,Palm Springs International,Palm Springs,CA,381.03,381.03,22031.00,
115,HSV,Huntsville International-Carl T Jones Field,Huntsville,AL,561.34,561.34,20968.00,
116,EUG,Mahlon Sweet Field,Eugene,OR,343.88,343.88,20560.00,
117,FNT,Bishop International,Flint,MI,342.74,342.74,20351.00,
118,JAN,Jackson Medgar Wiley Evers International,Jackson/Vicksburg,MS,495.93,495.93,19721.00,
119,SGF,Springfield-Branson National,Springfield,MO,375.22,375.22,19654.00,
120,ITO,Hilo International,Hilo,HI,273.44,273.44,19610.00,
121,ABE,Lehigh Valley International,Allentown/Bethlehem/Easton,PA,297.05,297.05,18365.00,
122,SRQ,Sarasota/Bradenton International,Sarasota/Bradenton,FL,420.85,420.85,18341.00,
123,MAF,Midland International,Midland/Odessa,TX,437.24,437.24,18103.00,
124,CHA,Lovell Field,Chattanooga,TN,404.65,404.65,17811.00,
125,LBB,Lubbock Preston Smith International,Lubbock,TX,420.31,420.31,17786.00,
126,FAR,Hector International,Fargo,ND,434.57,434.57,17775.00,
127,MLI,Quad City International,Moline,IL,367.25,367.25,17403.00,
128,FWA,Fort Wayne International,Fort Wayne,IN,388.87,388.87,17291.00,
129,FAI,Fairbanks International,Fairbanks,AK,403.04,403.04,17235.00,
130,ILM,Wilmington International,Wilmington,NC,434.59,434.59,17172.00,
131,BIL,Billings Logan International,Billings,MT,419.13,419.13,16919.00,
132,BZN,Bozeman Yellowstone International,Bozeman,MT,417.70,417.70,16892.00,
133,MFR,Rogue Valley International - Medford,Medford,OR,347.20,347.20,16413.00,
134,PSC,Tri Cities,Pasco/Kennewick/Richland,WA,379.57,379.57,16331.00,
135,MFE,McAllen Miller International,Mission/McAllen/Edinburg,TX,427.65,427.65,16039.00,
136,AVL,Asheville Regional,Asheville,NC,358.99,358.99,15998.00,
137,TTN,Trenton Mercer,Trenton,NJ,120.23,120.23,15861.00,
138,SBN,South Bend International,South Bend,IN,338.56,338.56,15807.00,
139,PIA,General Downing - Peoria International,Peoria,IL,298.41,298.41,15697.00,
140,MSO,Missoula International,Missoula,MT,365.34,365.34,14815.00,
141,BTR,Baton Rouge Metropolitan/Ryan Field,Baton Rouge,LA,460.52,460.52,14256.00,
142,STT,Cyril E King,Charlotte Amalie,VI,332.84,332.84,14022.00,
143,VPS,Eglin AFB Destin Fort Walton Beach,Valparaiso,FL,416.27,416.27,13825.00,
144,AMA,Rick Husband Amarillo International,Amarillo,TX,433.64,433.64,13264.00,
145,CRP,Corpus Christi International,Corpus Christi,TX,446.87,446.87,12729.00,
146,CHO,Charlottesville Albemarle,Charlottesville,VA,417.85,417.85,12678.00,
147,DAB,Daytona Beach International,Daytona Beach,FL,357.87,357.87,12622.00,
148,BIS,Bismarck Municipal,Bismarck/Mandan,ND,393.89,393.89,12386.00,
149,ATW,Appleton International,Appleton,WI,443.44,443.44,12295.00,
150,TLH,Tallahassee International,Tallahassee,FL,514.38,514.38,12289.00,
151,RDM,Roberts Field,Bend/Redmond,OR,406.03,406.03,11934.00,
152,SBA,Santa Barbara Municipal,Santa Barbara,CA,499.82,499.82,11840.00,
153,AGS,Augusta Regional at Bush Field,Augusta,GA,443.56,443.56,11743.00,
154,ECP,Northwest Florida Beaches International,Panama City,FL,451.61,451.61,11655.00,
155,ROA,Roanoke Blacksburg Regional Woodrum Field,Roanoke,VA,475.16,475.16,11594.00,
156,AVP,Wilkes Barre Scranton International,Scranton/Wilkes-Barre,PA,404.33,404.33,11235.00,
157,SHV,Shreveport Regional,Shreveport,LA,461.31,461.31,10762.00,
158,GRB,Green Bay Austin Straubel International,Green Bay,WI,557.31,557.31,10683.00,
159,BGR,Bangor International,Bangor,ME,384.23,384.23,10636.00,
160,BQN,Rafael Hernandez,Aguadilla,PR,222.10,222.10,10469.00,
161,HRL,Valley International,Harlingen/San Benito,TX,373.52,373.52,10173.00,
162,JNU,Juneau International,Juneau,AK,379.80,379.80,9926.00,
163,MOB,Mobile Regional,Mobile,AL,514.24,514.24,9912.00,
164,FAY,Fayetteville Regional/Grannis Field,Fayetteville,NC,432.64,432.64,9816.00,
165,BMI,Central Illinois Regional,Bloomington/Normal,IL,381.58,381.58,9438.00,
166,RAP,Rapid City Regional,Rapid City,SD,429.72,429.72,9098.00,
167,PHF,Newport News/Williamsburg International,Newport News/Williamsburg,VA,457.54,457.54,8991.00,
168,GPT,Gulfport-Biloxi International,Gulfport/Biloxi,MS,454.16,454.16,8671.00,
169,GNV,Gainesville Regional,Gainesville,FL,476.85,476.85,8664.00,
170,CRW,Yeager,Charleston/Dunbar,WV,501.80,501.80,8651.00,
171,TRI,Tri-Cities Regional TN/VA,Bristol/Johnson City/Kingsport,TN,492.03,492.03,8571.00,
172,FCA,Glacier Park International,Kalispell,MT,401.41,401.41,8450.00,
173,MLB,Melbourne International,Melbourne,FL,402.72,402.72,8236.00,
174,EVV,Evansville Regional,Evansville,IN,477.96,477.96,8205.00,
175,LFT,Lafayette Regional Paul Fournet Field,Lafayette,LA,513.16,513.16,7987.00,
176,TVC,Cherry Capital,Traverse City,MI,494.67,494.67,7922.00,
177,LBE,Arnold Palmer Regional,Latrobe,PA,121.66,121.66,7819.00,
178,PBG,Plattsburgh International,Plattsburgh,NY,104.31,104.31,7744.00,
179,GJT,Grand Junction Regional,Grand Junction,CO,462.44,462.44,7730.00,
180,GTF,Great Falls International,Great Falls,MT,397.28,397.28,7148.00,
181,SWF,Stewart International,Newburgh/Poughkeepsie,NY,292.34,292.34,7044.00,
182,RFD,Chicago/Rockford International,Rockford,IL,95.42,95.42,7023.00,
183,MRY,Monterey Regional,Monterey,CA,379.10,379.10,6981.00,
184,SBP,San Luis County Regional,San Luis Obispo,CA,491.05,491.05,6928.00,
185,ELM,Elmira/Corning Regional,Elmira/Corning,NY,365.90,365.90,6854.00,
186,OAJ,Albert J Ellis,Jacksonville/Camp Lejeune,NC,395.39,395.39,6801.00,
187,MOT,Minot International,Minot,ND,442.26,442.26,6785.00,
188,STS,Charles M. Schulz - Sonoma County,Santa Rosa,CA,293.63,293.63,6583.00,
189,MGM,Montgomery Regional,Montgomery,AL,523.97,523.97,6564.00,
190,GFK,Grand Forks International,Grand Forks,ND,363.66,363.66,6554.00,
191,IAG,Niagara Falls International,Niagara Falls,NY,100.80,100.80,6475.00,
192,AZO,Kalamazoo/Battle Creek International,Kalamazoo,MI,498.90,498.90,6473.00,
193,LNK,Lincoln Airport,Lincoln,NE,493.22,493.22,6203.00,
193,LAN,Capital Region International,Lansing,MI,441.21,441.21,6203.00,
195,DRO,Durango La Plata County,Durango,CO,529.87,529.87,6182.00,
196,GRK,Robert Gray AAF,Killeen,TX,479.09,479.09,6013.00,
197,JAC,Jackson Hole,Jackson,WY,593.22,593.22,5861.00,
198,EYW,Key West International,Key West,FL,439.95,439.95,5828.00,
199,IDA,Idaho Falls Regional,Idaho Falls,ID,433.52,433.52,5700.00,
200,LCK,Rickenbacker International,Columbus,OH,77.30,77.30,5396.00,
201,SCE,University Park,State College,PA,536.58,536.58,4993.00,
202,MBS,MBS International,Saginaw/Bay City/Midland,MI,516.92,516.92,4985.00,
203,HTS,Tri-State/Milton J. Ferguson Field,Ashland,WV,192.74,192.74,4977.00,
204,BLV,Scott AFB/MidAmerica,Belleville,IL,81.91,81.91,4961.00,
205,DLH,Duluth International,Duluth,MN,546.46,546.46,4869.00,
206,ASE,Aspen Pitkin County Sardy Field,Aspen,CO,677.56,677.56,4834.00,
207,STX,Henry E. Rohlsen,Christiansted,VI,383.89,383.89,4703.00,
208,PSE,Mercedita,Ponce,PR,235.03,235.03,4677.00,
209,EWN,Coastal Carolina Regional,New Bern/Morehead/Beaufort,NC,451.33,451.33,4668.00,
210,TOL,Toledo Express,Toledo,OH,224.81,224.81,4651.00,
211,CWA,Central Wisconsin,Mosinee,WI,541.13,541.13,4640.00,
212,LRD,Laredo International,Laredo,TX,347.83,347.83,4596.00,
213,SPI,Abraham Lincoln Capital,Springfield,IL,345.42,345.42,4557.00,
214,BFL,Meadows Field,Bakersfield,CA,558.17,558.17,4402.00,
215,AEX,Alexandria International,Alexandria,LA,510.30,510.30,4311.00,
216,HLN,Helena Regional,Helena,MT,520.58,520.58,4148.00,
217,RST,Rochester International,Rochester,MN,419.64,419.64,4079.00,
218,IFP,Laughlin/Bullhead International,Bullhead City,AZ,222.92,222.92,4012.00,
219,ERI,Erie International/Tom Ridge Field,Erie,PA,451.65,451.65,4002.00,
220,KTN,Ketchikan International,Ketchikan,AK,416.77,416.77,3946.00,
221,LSE,La Crosse Regional,La Crosse,WI,497.10,497.10,3906.00,
222,GRI,Central Nebraska Regional,Grand Island,NE,213.99,213.99,3895.00,
223,MLU,Monroe Regional,Monroe,LA,522.78,522.78,3855.00,
224,CMI,University of Illinois/Willard,Champaign/Urbana,IL,468.79,468.79,3828.00,
225,ABI,Abilene Regional,Abilene,TX,463.55,463.55,3712.00,
226,CPR,Casper/Natrona County International,Casper,WY,507.04,507.04,3674.00,
227,SCK,Stockton Metropolitan,Stockton,CA,81.17,81.17,3597.00,
228,LYH,Lynchburg Regional/Preston Glenn Field,Lynchburg,VA,495.50,495.50,3579.00,
229,FSM,Fort Smith Regional,Fort Smith,AR,512.49,512.49,3404.00,
230,BRO,Brownsville South Padre Island International,Brownsville,TX,480.49,480.49,3329.00,
231,ORH,Worcester Regional,Worcester,MA,249.27,249.27,3298.00,
232,ITH,Ithaca Tompkins Regional,Ithaca/Cortland,NY,484.15,484.15,3287.00,
233,LWS,Lewiston Nez Perce County,Lewiston,ID,422.95,422.95,3243.00,
234,BGM,Greater Binghamton/Edwin A. Link Field,Binghamton,NY,492.68,492.68,3088.00,
235,SGU,St George Regional,St. George,UT,441.92,441.92,3067.00,
236,CLL,Easterwood Field,College Station/Bryan,TX,514.38,514.38,3015.00,
237,YKM,Yakima Air Terminal/McAllister Field,Yakima,WA,419.40,419.40,2935.00,
238,ISN,Sloulin Field International,Williston,ND,632.21,632.21,2910.00,
239,SBY,Salisbury-Ocean City/Wicomico Regional,Salisbury,MD,448.40,448.40,2856.00,
240,COU,Columbia Regional,Columbia,MO,474.27,474.27,2846.00,
241,PVU,Provo Municipal,Provo,UT,81.28,81.28,2836.00,
242,YNG,Youngstown-Warren Regional,Youngstown/Warren,OH,75.03,75.03,2803.00,
243,JQF,Concord Regional,Cabarrus,NC,79.32,79.32,2787.00,
244,YUM,Yuma MCAS/Yuma International,Yuma,AZ,468.58,468.58,2709.00,
245,ACT,Waco Regional,Waco,TX,473.08,473.08,2684.00,
246,MHK,Manhattan Regional,Manhattan/Ft. Riley,KS,535.08,535.08,2634.00,
247,BET,Bethel Airport,Bethel,AK,389.40,389.40,2579.00,
248,SUN,Friedman Memorial,Sun Valley/Hailey/Ketchum,ID,452.69,452.69,2547.00,
249,TYR,Tyler Pounds Regional,Tyler,TX,492.45,492.45,2539.00,
250,EAT,Pangborn Memorial,Wenatchee,WA,357.72,357.72,2524.00,
251,MTJ,Montrose Regional,Montrose/Delta,CO,564.57,564.57,2483.00,
252,SJT,San Angelo Regional/Mathis Field,San Angelo,TX,479.63,479.63,2475.00,
253,ACV,Arcata,Arcata/Eureka,CA,629.71,629.71,2441.00,
254,SIT,Sitka Rocky Gutierrez,Sitka,AK,376.26,376.26,2412.00,
255,ACK,Nantucket Memorial,Nantucket,MA,312.62,312.62,2392.00,
256,EGE,Eagle County Regional,Eagle,CO,666.54,666.54,2355.00,
257,FLG,Flagstaff Pulliam,Flagstaff,AZ,454.68,454.68,2309.00,
258,FLO,Florence Regional,Florence,SC,394.17,394.17,2291.00,
259,LCH,Lake Charles Regional,Lake Charles,LA,532.95,532.95,2257.00,
260,PUW,Pullman Moscow Regional,Pullman,WA,374.90,374.90,2238.00,
261,PGV,Pitt Greenville,Greenville,NC,447.65,447.65,2212.00,
262,LAW,Lawton-Fort Sill Regional,Lawton/Fort Sill,OK,488.49,488.49,2087.00,
263,SCC,Deadhorse Airport,Deadhorse,AK,452.70,452.70,2065.00,
264,GUM,Guam International,Guam,TT,1567.14,1567.14,2029.00,
265,PSM,Portsmouth International at Pease,Portsmouth,NH,109.32,109.32,1933.00,
266,ALW,Walla Walla Regional,Walla Walla,WA,348.36,348.36,1894.00,
267,SPS,Sheppard AFB/Wichita Falls Municipal,Wichita Falls,TX,415.39,415.39,1862.00,
268,MQT,Sawyer International,Marquette,MI,560.48,560.48,1828.00,
269,DHN,Dothan Regional,Dothan,AL,693.34,693.34,1780.00,
270,VLD,Valdosta Regional,Valdosta,GA,619.56,619.56,1778.00,
271,ROW,Roswell International Air Center,Roswell,NM,476.68,476.68,1765.00,
272,ADQ,Kodiak Airport,Kodiak,AK,564.38,564.38,1719.00,
273,PIH,Pocatello Regional,Pocatello,ID,546.32,546.32,1685.00,
274,DBQ,Dubuque Regional,Dubuque,IA,454.83,454.83,1635.00,
275,RDD,Redding Municipal,Redding,CA,430.40,430.40,1633.00,
276,SAF,Santa Fe Municipal,Santa Fe,NM,517.40,517.40,1602.00,
277,SMX,Santa Maria Public/Capt. G. Allan Hancock Field,Santa Maria,CA,326.70,326.70,1584.00,
278,TWF,Joslin Field - Magic Valley Regional,Twin Falls,ID,582.82,582.82,1553.00,
279,TXK,Texarkana Regional-Webb Field,Texarkana,AR,482.58,482.58,1546.00,
280,COD,Yellowstone Regional,Cody,WY,437.16,437.16,1495.00,
281,MVY,Martha's Vineyard Airport,Martha's Vineyard,MA,306.43,306.43,1433.00,
282,GTR,Golden Triangle Regional,Columbus,MS,598.00,598.00,1422.00,
282,HDN,Yampa Valley,Hayden,CO,620.21,620.21,1422.00,
284,UST,Northeast Florida Regional,St. Augustine,FL,113.23,113.23,1416.00,
285,SUX,Sioux Gateway/Col. Bud Day Field,Sioux City,IA,421.46,421.46,1397.00,
286,CSG,Columbus Airport,Columbus,GA,555.38,555.38,1374.00,
287,ABY,Southwest Georgia Regional,Albany,GA,584.05,584.05,1357.00,
288,HGR,Hagerstown Regional-Richard A. Henson Field,Hagerstown,MD,73.94,73.94,1339.00,
289,PPG,Pago Pago International,Pago Pago,TT,1183.91,1183.91,1338.00,
290,OTZ,Ralph Wien Memorial,Kotzebue,AK,450.07,450.07,1322.00,
291,BRW,Wiley Post/Will Rogers Memorial,Barrow,AK,469.97,469.97,1307.00,
292,OME,Nome Airport,Nome,AK,465.15,465.15,1281.00,
293,JLN,Joplin Regional,Joplin,MO,467.36,467.36,1254.00,
294,BPT,Jack Brooks Regional,Beaumont/Port Arthur,TX,418.06,418.06,1217.00,
295,GCK,Garden City Regional,Garden City,KS,421.39,421.39,1203.00,
296,GCC,Gillette Campbell County,Gillette,WY,552.95,552.95,1188.00,
297,ALO,Waterloo Regional,Waterloo,IA,421.12,421.12,1181.00,
298,ABR,Aberdeen Regional,Aberdeen,SD,627.95,627.95,1178.00,
299,BQK,Brunswick Golden Isles,Brunswick,GA,536.88,536.88,1155.00,
300,HVN,Tweed New Haven,New Haven,CT,378.69,378.69,1115.00,
301,BJI,Bemidji Regional,Bemidji,MN,598.69,598.69,1098.00,
302,BTM,Bert Mooney,Butte,MT,501.05,501.05,1089.00,
303,CMX,Houghton County Memorial,Hancock/Houghton,MI,540.80,540.80,1052.00,
304,STC,St. Cloud Regional,St. Cloud,MN,93.87,93.87,1041.00,
305,CKB,North Central West Virginia,Clarksburg/Fairmont,WV,156.41,156.41,1018.00,
306,DUT,Unalaska Airport,Unalaska,AK,977.21,977.21,1010.00,
307,GGG,East Texas Regional,Longview,TX,410.04,410.04,992.00,
308,OWB,Owensboro Daviess County,Owensboro,KY,116.29,116.29,916.00,
309,EAU,Chippewa Valley Regional,Eau Claire,WI,400.12,400.12,909.00,
310,BRD,Brainerd Lakes Regional,Brainerd,MN,625.68,625.68,906.00,
311,CIU,Chippewa County International,Sault Ste. Marie,MI,521.50,521.50,905.00,
312,IPT,Williamsport Regional,Williamsport,PA,455.41,455.41,904.00,
313,PAH,Barkley Regional,Paducah,KY,425.28,425.28,898.00,
314,MKG,Muskegon County,Muskegon,MI,374.71,374.71,879.00,
315,ART,Watertown International,Watertown,NY,487.71,487.71,840.00,
316,HHH,Hilton Head Airport,Hilton Head,SC,425.66,425.66,821.00,
317,MEI,Key Field,Meridian,MS,497.22,497.22,820.00,
318,RHI,Rhinelander/Oneida County,Rhinelander,WI,642.36,642.36,793.00,
319,PLN,Pellston Regional Airport of Emmet County,Pellston,MI,740.74,740.74,784.00,
320,PSG,Petersburg James A Johnson,Petersburg,AK,427.80,427.80,713.00,
321,RKS,Rock Springs Sweetwater County,Rock Springs,WY,598.63,598.63,712.00,
322,ESC,Delta County,Escanaba,MI,477.87,477.87,662.00,
323,AKN,King Salmon Airport,King Salmon,AK,644.63,644.63,656.00,
324,LAR,Laramie Regional,Laramie,WY,457.59,457.59,654.00,
325,HIB,Range Regional,Hibbing,MN,625.47,625.47,615.00,
326,CDC,Cedar City Regional,Cedar City,UT,301.06,301.06,598.00,
327,MMH,Mammoth Lakes Airport,Mammoth Lakes,CA,211.86,211.86,596.00,
328,HOB,Lea County Regional,Hobbs,NM,482.85,482.85,594.00,
329,EKO,Elko Regional,Elko,NV,733.90,733.90,587.00,
330,GUC,Gunnison-Crested Butte Regional,Gunnison,CO,563.11,563.11,577.00,
331,OGD,Ogden-Hinckley,Ogden,UT,80.07,80.07,568.00,
332,DIK,Dickinson - Theodore Roosevelt Regional,Dickinson,ND,586.07,586.07,557.00,
333,CDV,Merle K Mudhole Smith,Cordova,AK,389.22,389.22,542.00,
334,JMS,Jamestown Regional,Jamestown,ND,352.87,352.87,513.00,
335,HYA,Barnstable Municipal-Boardman/Polando Field,Hyannis,MA,233.82,233.82,477.00,
336,ENA,Kenai Municipal,Kenai,AK,648.91,648.91,423.00,
337,DLG,Dillingham Airport,Dillingham,AK,567.05,567.05,417.00,
338,WRG,Wrangell Airport,Wrangell,AK,416.39,416.39,413.00,
339,IMT,Ford,Iron Mountain/Kingsfd,MI,624.55,624.55,380.00,
339,PIB,Hattiesburg-Laurel Regional,Hattiesburg/Laurel,MS,455.27,455.27,380.00,
341,HYS,Hays Regional,Hays,KS,497.34,497.34,339.00,
342,APN,Alpena County Regional,Alpena,MI,639.98,639.98,330.00,
342,INL,Falls International Einarson Field,International Falls,MN,565.45,565.45,330.00,
344,MKK,Molokai,Hoolehua,HI,242.69,242.69,327.00,
345,TBN,Waynesville-St. Robert Regional Forney Field,Fort Leonard Wood,MO,455.27,455.27,324.00,
346,DVL,Devils Lake Regional,Devils Lake,ND,409.31,409.31,304.00,
347,WYS,Yellowstone,West Yellowstone,MT,481.19,481.19,293.00,
348,SPN,Francisco C. Ada Saipan International,Saipan,TT,1360.54,1360.54,287.00,
349,YAK,Yakutat Airport,Yakutat,AK,403.32,403.32,258.00,
350,OTH,Southwest Oregon Regional,North Bend/Coos Bay,OR,482.57,482.57,256.00,
351,HOM,Homer Airport,Homer,AK,644.46,644.46,216.00,
352,SHD,Shenandoah Valley Regional,Staunton,VA,594.52,594.52,202.00,
353,MGW,Morgantown Municipal-Walter L. Bill Hart Field,Morgantown,WV,533.31,533.31,169.00,
354,LNY,Lanai Airport,Lanai,HI,286.26,286.26,151.00,
355,AUG,Augusta State,Augusta/Waterville,ME,384.05,384.05,140.00,
356,SWO,Stillwater Regional,Stillwater,OK,394.92,394.92,139.00,
357,MWA,Williamson County Regional,Marion/Herrin,IL,568.55,568.55,131.00,
358,LEB,Lebanon Municipal,Lebanon-Hanover,NH,387.33,387.33,128.00,
358,VDZ,Valdez Pioneer Field,Valdez,AK,606.91,606.91,128.00,
360,JST,John Murtha Johnstown-Cambria County,Johnstown,PA,482.62,482.62,123.00,
361,PKB,Mid-Ohio Valley Regional,Parkersburg,WV,477.80,477.80,118.00,
362,DUJ,DuBois Regional,DuBois,PA,549.73,549.73,117.00,
363,LBF,North Platte Regional Airport Lee Bird Field,North Platte,NE,640.04,640.04,116.00,
364,GST,Gustavus Airport,Gustavus,AK,219.70,219.70,113.00,
365,CGI,Cape Girardeau Regional,Cape Girardeau,MO,576.74,576.74,109.00,
366,PVC,Provincetown Municipal,Provincetown,MA,512.82,512.82,105.00,
367,UIN,Quincy Regional-Baldwin Field,Quincy,IL,506.00,506.00,102.00,
368,EAR,Kearney Regional,Kearney,NE,669.25,669.25,97.00,
369,LWB,Greenbrier Valley,Lewisburg,WV,401.91,401.91,96.00,
370,BFF,Western Neb. Regional/William B. Heilig Field,Scottsbluff,NE,668.33,668.33,92.00,
371,CEC,Jack McNamara Field,Crescent City,CA,522.72,522.72,87.00,
372,RKD,Knox County Regional,Rockland,ME,367.65,367.65,86.00,
373,PIR,Pierre Regional,Pierre,SD,443.91,443.91,84.00,
374,SDP,Sand Point,Sandpoint,AK,884.04,884.04,78.00,
375,BHB,Hancock County-Bar Harbor,Bar Harbor,ME,497.20,497.20,75.00,
376,RIW,Riverton Regional,Riverton/Lander,WY,577.48,577.48,69.00,
377,RUT,Rutland - Southern Vermont Regional,Rutland,VT,461.47,461.47,68.00,
378,VQS,Antonio Rivera Rodriguez,Vieques,PR,636.58,636.58,67.00,
379,ALS,San Luis Valley Regional/Bergman Field,Alamosa,CO,552.19,552.19,63.00,
380,LBL,Liberal Mid-America Regional,Liberal,KS,419.33,419.33,62.00,
380,IRK,Kirksville Regional,Kirksville,MO,496.74,496.74,62.00,
382,SLK,Adirondack Regional,Saranac Lake/Lake Placid,NY,470.54,470.54,58.00,
383,MSS,Massena International-Richards Field,Massena,NY,390.00,390.00,57.00,
384,MAZ,Eugenio Maria de Hostos,Mayaguez,PR,379.05,379.05,56.00,
385,PQI,Northern Maine Regional at Presque Isle,Presque Isle/Houlton,ME,652.86,652.86,53.00,
385,PGA,Page Municipal,Page,AZ,388.03,388.03,53.00,
387,DDC,Dodge City Regional,Dodge City,KS,596.68,596.68,52.00,
388,PUB,Pueblo Memorial,Pueblo,CO,637.50,637.50,47.00,
389,CYS,Cheyenne Regional/Jerry Olson Field,Cheyenne,WY,531.67,531.67,46.00,
390,CEZ,Cortez Municipal,Cortez,CO,436.71,436.71,45.00,
391,FNL,Fort Collins-Loveland Municipal,Fort Collins/Loveland,CO,128.78,128.78,43.00,
392,ADK,Adak,Adak Island,AK,1041.73,1041.73,35.00,
393,OGS,Ogdensburg International,Ogdensburg,NY,367.25,367.25,33.00,
394,SDY,Sidney/Richland Municipal,Sidney,MT,559.60,559.60,30.00,
395,SLN,Salina Regional,Salina,KS,502.55,502.55,22.00,
396,SNP,St. Paul Island,St. Paul,AK,907.33,907.33,21.00,
397,WRL,Worland Municipal,Worland,WY,478.50,478.50,17.00,
398,PRC,Ernest A. Love Field,Prescott,AZ,290.83,290.83,14.00,
399,GGW,Wokal Field/Glasgow International,Glasgow,MT,577.17,577.17,11.00,
400,FMN,Four Corners Regional,Farmington,NM,391.50,391.50,9.00,
400,OLF,L. M. Clayton,Wolf Point,MT,505.00,505.00,9.00,
402,ROP,Benjamin Taisacan Manglona International,Rota,TT,788.00,788.00,8.00,
403,SSB,Christiansted Harbor Seaplane Base,Christiansted,VI,402.20,402.20,7.00,
403,ATY,Watertown Regional,Watertown,SD,417.43,417.43,7.00,
403,CPX,Benjamin Rivera Noriega,Culebra,PR,290.50,290.50,7.00,
406,HON,Huron Regional,Huron,SD,1121.00,1121.00,5.00,
406,BKG,Branson Airport,Branson,MO,479.60,479.60,5.00,
406,GDV,Dawson Community,Glendive,MT,410.00,410.00,5.00,
409,PDT,Eastern Oregon Regional at Pendleton,Pendleton,OR,371.00,371.00,3.00,
410,JHM,Kapalua Airport,Kapalua,HI,504.00,504.00,1.00,
,,,,,,,,
,,,,,,,,
,,,,,,,,
,,,,,,,,